brand,brand_name,code,kind,discount,percent,amount,currency,audience,where,min_spend,max_discount,stackable,uses,scope,expires,source,source_url,verified,confidence,terms
airalo,Airalo,NEWTOAIRALO15,coupon,15% off,15.0,,USD,new,web+app,,100 USD,no,once_per_account,"any eSIM (local / regional / global / unlimited), 200+ destinations",2026-12-31,aggregator,https://localsinsider.com/digital-life/esims/airalo-esim-review/,2026-10,verified-thirdparty,One redemption per customer | Cannot be combined with other promotions or with Airmoney credit | Payment by card / PayPal / Apple Pay / Google Pay only | Campaign ends early if the redemption cap is reached
airalo,Airalo,AIRALOESIM10,coupon,10% off,10.0,,USD,existing,web+app,10 USD,,no,once_per_account,any eSIM priced 10 USD or more,2026-12-31,aggregator,https://localsinsider.com/digital-life/esims/airalo-esim-review/,2026-10,verified-thirdparty,Returning customers | Same checkout field (Apply code / Use Airmoney)
airalo,Airalo,VIP15,coupon,15% off (new users),15.0,,,new,web+app,none,,,,all plans (single-country / regional / global),ongoing,aggregator,https://xincoupon.com/?p=44109/,2026-10,reported,
airalo,Airalo,VIP10,coupon,10% off (returning),10.0,,,existing,web+app,none,,,,all plans,ongoing,aggregator,https://xincoupon.com/?p=44109/,2026-10,reported,
airalo,Airalo,ESIMADVICE15,coupon,15% off,15.0,,,all,web+app,,,,,all plans,unknown,aggregator,https://esimtweaks.com/airalo-vs-saily,2026-09,reported,
airalo,Airalo,ESIMP15,coupon,15% off,15.0,,,all,web+app,,,,,all plans,unknown,aggregator,https://www.esimdeals.io/esim/turkey/deals,2026-09,reported,
airalo,Airalo,,referral,"Give $3, get $3 (Airmoney credit)",,3.0,USD,all,web+app,,,no,,referral credit on first purchase of friend,ongoing,official,https://www.airalo.com/,2026-10,official,Not combinable with a promo code — use on small orders | On orders above ~20 USD the 15% code saves more
airalo,Airalo,,card_benefit,15% off (Consumer Cellular partnership),15.0,,,cardholders,web,,,,,any eSIM via the co-branded Consumer Cellular portal,2026-10-31,official,https://www.airalo.com/de/about-us/press-releases/airalo-consumer-cellular,2026-08-18,official,"New and existing Airalo + Consumer Cellular customers | Auto-applied via portal, or use the designated promotional code"
holafly,Holafly,MYESIMNOW5,coupon,5% off,5.0,,,all,web+app,,,,,all eSIM plans,ongoing,official,https://esim.holafly.com/internet/best-unlimited-data-plans/,2026-10-04,official,Code published on Holafly's own blog content pages
holafly,Holafly,B2BVIP5,coupon,5% off (whole site),5.0,,,all,web+app,,,,,all plans,ongoing,aggregator,https://xincoupon.com/?p=44109/,2026-10,reported,
holafly,Holafly,THEDUFRESNES,coupon,5% off eSIMs · 10% off Plans · up to 20% quarterly · up to 30% annual,5.0,,,all,web+app,,,,,destination eSIMs (5%) and Holafly Plans subscriptions (10%+),ongoing,aggregator,https://thedufresnestravel.com/pages/holafly-esim-what-to-know-before-you-buy-buyers-guide,2026-09,verified-thirdparty,Ambassador code | Verified September 2026
holafly,Holafly,TRAVELESIMEXPERT,coupon,5% off eSIMs · 10% off Global Plans,5.0,,,all,web+app,,,,,all plans incl. monthly,ongoing,aggregator,https://travelesimexpert.com/holafly-discount-code,2026-09-14,verified-thirdparty,Last verified 2026-09-14 by the publisher
holafly,Holafly,ADAMANDLINDS,coupon,5% off eSIMs · 10% off Plans,5.0,,,all,web+app,,,,,"destination/regional eSIMs 5%, Plans 10%",ongoing,aggregator,https://adamandlinds.com/blog/best-holafly-deals-november-2025-promo-code-discount/,2026-09-04,verified-thirdparty,Not limited to first orders | Annual billing + code ≈ 23.5% total off
holafly,Holafly,THEPROFESSIONALHOBO,coupon,5% off eSIMs · 10% off Plans,5.0,,,all,web+app,,,,,"regular eSIMs 5%, Plans 10% for 12 months",ongoing,aggregator,https://www.theprofessionalhobo.com/finding-the-best-esim-for-international-travel-your-ultimate-guide,2026,reported,
holafly,Holafly,GOINGAWESOMEPLACES,coupon,5% off,5.0,,,all,web+app,,,,,all eSIM plans,ongoing,aggregator,https://goingawesomeplaces.com/best-esims-for-usa-travel/,2026,reported,
holafly,Holafly,,referral,"Race to Rewards — invite friends, earn up to €100",,100.0,EUR,all,app,,,,,referral rewards,ongoing,official,https://esim.holafly.com/,2026-10-04,official,
nomad,Nomad eSIM,BEYOND20,coupon,20% off,20.0,,,all,web+app,,,,,autumn campaign — selected plans,unknown (seasonal 'Beyond the Usual' campaign),official,https://www.nomadesim.com/,2026-10-04,official,Rendered in the site's own promo banner
nomad,Nomad eSIM,FALL30,coupon,30% off 2+ eSIMs,30.0,,,all,web+app,2 or more eSIMs in one order,,,,multi-eSIM orders,unknown (autumn campaign),official,https://www.nomadesim.com/,2026-10-04,official,
nomad,Nomad eSIM,RUNAWAY20,coupon,20% off,20.0,,,all,web+app,,,,,most plans,ongoing,aggregator,https://runawaytraveller.com/nomad-esim-review,2026,reported,"Excludes add-on data, business-travel plans, unlimited plans, plans already on sale, the Thailand 50GB plan, and plans under 5 USD"
nomad,Nomad eSIM,ESIMDNOMAD20,coupon,20% off,20.0,,,all,web+app,,,,,eligible plans,unknown,aggregator,https://www.esimdeals.io/providers/nomad,2026-09-29,verified-thirdparty,Partner code | Verified 2026-09-29 by the publisher
nomad,Nomad eSIM,LOCALS,coupon,15% off first purchase,15.0,,,new,web+app,,,,,first purchase,ongoing,aggregator,https://localsinsider.com/digital-life/esims/the-best-global-esims-for-international-travel/,2026,reported,
nomad,Nomad eSIM,,referral,$5 off for you and up to 5 friends,,5.0,USD,invited_friend,app,plans priced 5 USD or more,,,,referral,ongoing,official,https://www.nomadesim.com/,2026-10-04,official,You receive $5 for every successful referral
nomad,Nomad eSIM,,loyalty,15% off add-on plans (Nomad Pass members),15.0,,,existing,app,,,,,Nomad Pass: 1GB Europe regional data / month for USD3,ongoing,official,https://www.nomadesim.com/,2026-10-04,official,Requires latest app version
nomad,Nomad eSIM,,student,Student discount via Student Beans,,,,students,web,,,,,student verification platform,ongoing,official,https://www.nomadesim.com/,2026-10-04,official,
nomad,Nomad eSIM,,free_trial,Free 1GB trial eSIM,,,,new,app,,,,,free 1GB for the next trip (76 destinations per one source),ongoing,official,https://www.nomadesim.com/,2026-10-04,official,
jetpac,Jetpac Travel eSIM,ESIM15,coupon,15% off,15.0,,,all,web+app,,,,,eSIM plans,unknown,official,https://www.jetpacglobal.com/,2026-10-04,official,Found embedded in the site's own JSON payload
jetpac,Jetpac Travel eSIM,Teresa20,coupon,20% off,20.0,,,all,web+app,,,,,eSIM plans,unknown,official,https://www.jetpacglobal.com/,2026-10-04,official,Found embedded in the site's own JSON payload (partner/ambassador code)
jetpac,Jetpac Travel eSIM,,coupon,Extra 10% off,10.0,,,all,web,,,,,promotional banner,unknown,official,https://www.jetpacglobal.com/,2026-10-04,official,Site promo copy: 'Buy your Jetpac eSIM today and get extra 10% off'
jetpac,Jetpac Travel eSIM,FYESIM15,coupon,15% off first purchase,15.0,,,new,web+app,,,,,first purchase,ongoing,aggregator,https://findyouresim.co.uk/discount-codes,2026-09,reported,Once per customer
jetpac,Jetpac Travel eSIM,,referral,Refer a friend,,,,all,app,,,,,referral programme,ongoing,official,https://www.jetpacglobal.com/referral,2026-10-04,official,
jetpac,Jetpac Travel eSIM,,bonus_data,LoungeKey™ airport-lounge voucher on qualifying flight delay,,,,all,web,,,,,flight-delay compensation perk (via FlightStats),ongoing,official,https://www.jetpacglobal.com/,2026-10-04,official,
gigsky,GigSky,,card_benefit,Up to 30% off all GigSky plans,30.0,,,cardholders,app,,,,,eligible Visa cardholders — every plan (175+ countries; programmes split by issuing region: Visa USA / Canada / LATAM+Caribbean+Brazil / Japan / Argentina / Hong Kong & Macau),ongoing,official,https://www.gigsky.com/visa-benefits,2026-10-04,official,'Evergreen discounts' — Visa Travel Benefits | Also unlocks complimentary global data (up to 7 days unlimited) in 175+ countries | Available to eligible cardholders everywhere | Enter your Visa card number in the GigSky app to check entitlements | You can add multiple cards; redeem each benefit separately | 'All plans up to 30% off' per the official Visa Benefits page
gigsky,GigSky,,referral,"Give 25% off, get 25% off (Share & Save)",25.0,,,invited_friend,app,,,,,referral programme,ongoing,official,https://www.gigsky.com/refer,2026-10-04,official,
gigsky,GigSky,,loyalty,5% credit back on every purchase (Rewards),5.0,,,existing,app,,,,,loyalty credits,ongoing,aggregator,https://www.theprofessionalhobo.com/finding-the-best-esim-for-international-travel-your-ultimate-guide,2026,reported,
gigsky,GigSky,,referral,$3 per successful referral,,3.0,USD,existing,app,,,,,Refer-a-Friend,ongoing,aggregator,https://www.theprofessionalhobo.com/finding-the-best-esim-for-international-travel-your-ultimate-guide,2026,reported,
gigsky,GigSky,,free_trial,"Free 100MB trial (7 days, no card required)",,,,new,app,,,,,trial eSIM,ongoing,official,https://www.gigsky.com/free-trial,2026-10-04,official,
gigsky,GigSky,,bonus_data,50% off GigSky One (25GB/month subscription),50.0,,,all,app,,,,,GigSky One subscription launch special,unknown (2026 update),aggregator,https://www.theprofessionalhobo.com/finding-the-best-esim-for-international-travel-your-ultimate-guide,2026,reported,
gigsky,GigSky,ESIMADVICE15,coupon,15% off,15.0,,,all,web+app,,,,,eligible eSIM products,unknown,aggregator,https://esim.qpon/?p=234,2026-08-25,reported,
gigsky,GigSky,ESIMD,coupon,15% off,15.0,,,all,web+app,,,,,eligible plans,unknown,aggregator,https://www.esimdeals.io/esim/turkey/deals,2026-09,verified-thirdparty,eSIM Deals partner code
gigsky,GigSky,REWARDS15,coupon,15% off eligible eSIM purchases,15.0,,,all,web+app,,,,,eligible products,2026 (Rewards Canada 25th-anniversary promo),aggregator,http://rewardscanada.ca/25,2026,reported,
gigsky,GigSky,GOINGAWESOME,coupon,20% off all eSIM orders,20.0,,,all,web+app,,,,,all eSIM orders,ongoing,aggregator,https://goingawesomeplaces.com/best-esims-for-usa-travel/,2026,reported,
gigsky,GigSky,Freaking15,coupon,15% off all eSIMs (land + inflight),15.0,,,all,web+app,,,,,all GigSky eSIMs,ongoing,aggregator,https://freakingnomads.com/best-esim-providers/,2026,reported,
gigsky,GigSky,TANG149,coupon,$3 credit on sign-up,,3.0,USD,new,app,,,,,sign-up,ongoing,aggregator,https://goingawesomeplaces.com/best-esims-for-usa-travel/,2026,reported,
gigsky,GigSky,AFFMAVEN10,coupon,10% off (repeat orders),10.0,,,existing,web+app,,,,,repeat orders,unknown,aggregator,https://esim.qpon/?p=234,2026-08-25,reported,
quibity,Quibity eSIM,QUIBITY8,coupon,8% off any eSIM,8.0,,,all,web+app,none,,one_per_order,once_per_account,"any plan incl. regional and global, 190+ countries",ongoing (page states 'Valid in October 2026'),official,https://quibity.com/coupons,2026-10,official,"One use per customer account, one coupon per order | Not valid for business and reseller accounts | Quibity can change or withdraw the code at any time | Discount taken off before payment"
quibity,Quibity eSIM,,loyalty,Exclusive discounts via Travel Journal,,,,existing,app,,,,,unlock exclusive discounts by tracking visited countries,ongoing,official,https://quibity.com/,2026-10-04,official,
quibity,Quibity eSIM,,loyalty,Usage-based discounts,,,,existing,app,,,,,pay only for the data you use,ongoing,official,https://quibity.com/,2026-10-04,official,
bnesim,BNESIM,OCTOBER20,coupon,20% off data plans of 10 GB or more,20.0,,,all,web+app,plan of 10 GB or more,,unknown,once_per_account,data plans >= 10 GB (unlimited + scheduled-activation plans excluded),2026-10-31,official,https://www.bnesim.com/offers,2026-10-04,official,Enter OCTOBER20 at checkout | One use per customer | Unlimited data plans are NOT included | Data plans with scheduled activation are NOT included | BNESIM may modify or cancel the promotion at any time
bnesim,BNESIM,MYBESTSIM,coupon,30% off all plans,30.0,,,all,web+app,none,,,,all BNESIM eSIM plans,ongoing (no stated expiry),aggregator,https://mybestsim.com/?p=218373,2026-09-04,verified-thirdparty,Exclusive code negotiated by MyBestSim | Applied at checkout on the official BNESIM store | Verified by the publisher across Jul–Sep 2026
bnesim,BNESIM,TRAVELESIMEXPERT,coupon,30% off all plans,30.0,,,all,web+app,,,,,all plans,ongoing,aggregator,https://travelesimexpert.com/best-esim-for-malaysia/,2026-10,verified-thirdparty,Widely cited as the best standing BNESIM discount
bnesim,BNESIM,MYBESTSIM20,coupon,20% off all plans,20.0,,,all,web+app,,,,,all plans,ongoing,aggregator,https://mybestsim.com/it/fornitore/codice-sconto-bnesim,2026-08-20,verified-thirdparty,Verified on the official store by the publisher
bnesim,BNESIM,GLOBAL30,coupon,30% off any data plan,30.0,,,all,web+app,,,,,any data plan,2026-12-13,aggregator,https://www.hotdeals.com/coupons/bnesim-promo-codes,2026-09,reported,
bnesim,BNESIM,WELCOME20,coupon,20% off data plans,20.0,,,all,web+app,,,,,data plans,2026-12-14,aggregator,https://www.hotdeals.com/coupons/bnesim-promo-codes,2026-09,reported,
bnesim,BNESIM,,cashback,5% cashback in BNE Coins (BNE Wallet),5.0,,,existing,app,,,,,every purchase via BNE Wallet,ongoing,official,https://www.bnesim.com/offers,2026-10-04,official,BNE Coins never expire
bnesim,BNESIM,,referral,Refer a Friend,,,,all,app,,,,,referral programme,ongoing,official,https://www.bnesim.com/offers,2026-10-04,official,
bnesim,BNESIM,BX79SA1C,coupon,€3 off first purchase,,3.0,EUR,new,web+app,,,,,first purchase,2026-12-12,aggregator,https://www.hotdeals.com/coupons/bnesim-promo-codes,2026-09,reported,
bnesim,BNESIM,,bonus_data,+10 GB bonus on the 10 GB/day plan (7-day),,,,all,app,,,,,specific plan bonus,ongoing,aggregator,https://www.bnesim.com/offers,2026-10-04,reported,
roamless,Roamless,WEB101,coupon,10% off first purchase,10.0,,,new,web+app,,,,,first purchase,ongoing,official,https://roamless.com/,2026-10-04,official,Welcome Gift banner rendered on the site itself | Banner CTA deep-links into the app with the code pre-filled
roamless,Roamless,ROAM25,bonus_data,Free data package (step 1 of promo chain),,,,new,app,,,,,new account — stack ROAM25 → ROAM50 → ROAM75 in order,ongoing,aggregator,https://goingawesomeplaces.com/best-esim-for-japan-travel/,2026,reported,Apply in this exact order immediately after creating a new account
roamless,Roamless,ROAM50,bonus_data,Free data package (step 2 of promo chain),,,,new,app,,,,,new account,ongoing,aggregator,https://goingawesomeplaces.com/best-esim-for-japan-travel/,2026,reported,
roamless,Roamless,ROAM75,bonus_data,Free data package (step 3 of promo chain),,,,new,app,,,,,new account,ongoing,aggregator,https://goingawesomeplaces.com/best-esim-for-japan-travel/,2026,reported,
roamless,Roamless,ROAM100,bonus_data,+100% extra credits on first purchase,,,,new,app,,,,,first purchase credit bonus,ongoing,aggregator,https://goaw.pl/3VJIpih,2026,reported,
roamless,Roamless,AWESOME20,coupon,20% off,20.0,,,all,web+app,,,,,all packages,ongoing,aggregator,https://goingawesomeplaces.com/best-esims-for-usa-travel/,2026,reported,
roamless,Roamless,TMA20,coupon,20% off first purchase,20.0,,,new,web+app,,,,,first purchase,ongoing,aggregator,https://toomanyadapters.com/?p=32246,2026-08-31,reported,
roamless,Roamless,ALCROAM,coupon,25% off first eSIM,25.0,,,new,app,,,,,first eSIM (Flex or Fix),ongoing,aggregator,https://oman.alcoupon.com/en/discount-codes/roamless,2026-09-30,reported,
roamless,Roamless,ALCRML,coupon,20% off every plan,20.0,,,existing,app,,,,,all plans,ongoing,aggregator,https://oman.alcoupon.com/en/discount-codes/roamless,2026-09-30,reported,
roamless,Roamless,ESIMD,coupon,15% off,15.0,,,all,web+app,,,,,eligible plans,unknown,aggregator,https://www.esimdeals.io/esim/turkey/deals,2026-09,verified-thirdparty,eSIM Deals partner code
gomoworld,GoMoWorld,MYBESTSIM,coupon,10% off every eSIM,10.0,,,all,web+app,none,,,,all GoMoWorld eSIM plans,ongoing (no stated expiry),aggregator,https://mybestsim.com/en/provider/gomoworld-promo-code/,2026-09-19,verified-thirdparty,Exclusive code negotiated by MyBestSim | Verified at checkout across Jul–Sep 2026
gomoworld,GoMoWorld,TRAVELESIMEXPERT,coupon,10% off all plans,10.0,,,all,web+app,,,,,all plans,ongoing,aggregator,https://travelesimexpert.com/best-esim-for-belgium,2026,verified-thirdparty,
gomoworld,GoMoWorld,ESIMD,coupon,10% off,10.0,,,all,web+app,,,,,eligible plans,unknown,aggregator,https://www.esimdeals.io/providers/gomoworld,2026-09-24,verified-thirdparty,eSIM Deals partner code
gomoworld,GoMoWorld,FYESIM,coupon,10% off,10.0,,,all,web+app,,,,,eligible plans,ongoing,aggregator,https://findyouresim.co.uk/providers/gomoworld/bonaire/,2026-09-20,reported,
gomoworld,GoMoWorld,,bonus_data,+6 GB bonus on selected US plan (US_30GB_30_+6GB),,,,all,app,,,,,US 30GB 30-day plan -> +6GB bonus,active,official,https://www.gomoworld.com/en,2026-10-04,official,Promo object embedded in the site's own offers payload
gomoworld,GoMoWorld,,bonus_data,+4 GB bonus on selected US plan (US_20GB_30_+4GB),,,,all,app,,,,,US 20GB 30-day plan -> +4GB bonus,active,official,https://www.gomoworld.com/en,2026-10-04,official,Promo object embedded in the site's own offers payload
gomoworld,GoMoWorld,,free_trial,"1 GB free trial (selected destinations, in-app only)",,,,new,app,,,,,trial data,ongoing,official,https://www.gomoworld.com/en,2026-10-04,official,
gomoworld,GoMoWorld,,referral,Referral / promo codes supported at checkout,,,,all,web+app,,,,,referral,ongoing,official,https://www.gomoworld.com/en,2026-10-04,official,'Remove promo code' control rendered in the checkout UI
maya,Maya Mobile,ESIMTWEAKS10,coupon,10% off every plan,10.0,,,all,web+app,none,,,,"all plans incl. Cruise plans, 165+ countries",ongoing,aggregator,https://esimtweaks.com/maya-mobile-coupon-code,2026,verified-thirdparty,New and existing customers | No minimum spend
maya,Maya Mobile,AWESOME10,coupon,10% off all eSIM orders,10.0,,,all,web+app,,,,,all eSIM orders,ongoing,aggregator,https://goingawesomeplaces.com/best-esim-for-japan-travel/,2026,reported,
maya,Maya Mobile,FYESIM,coupon,10% off first Global Unlimited plan,10.0,,,new,web+app,,,,,first Maya Global Unlimited plan purchase,ongoing,aggregator,https://findyouresim.co.uk/discount-codes,2026-09,reported,Only valid on your first purchase
maya,Maya Mobile,MYBESTSIM,coupon,10% off (unlimited plans),10.0,,,all,web+app,,,,,unlimited data plans,ongoing,aggregator,https://esim-korea.com/blog/esim-aktionscode,2026,reported,
maya,Maya Mobile,,loyalty,Maya Rewards — 6.6% back in points,6.6,,,existing,app,,,,,points on every purchase,ongoing,aggregator,https://esimtweaks.com/maya-mobile-coupon-code,2026,reported,
yesim,Yesim,WELCOMETOYESIM,coupon,15% off first eSIM purchase,15.0,,,new,web+app,,,,,first eSIM purchase,ongoing,official,https://yesim.app/loyalty-program/,2026-10-04,official,Published on Yesim's own Loyalty Program page
yesim,Yesim,,cashback,5% cashback on every eSIM purchase,5.0,,,all,app,,,,,credited to internal wallet (Ycoins),ongoing,official,https://yesim.app/loyalty-program/,2026-10-04,official,
yesim,Yesim,,referral,€5 for you + €5 for friend; every 5 friends +€50 (total €75),,5.0,EUR,invited_friend,app,,,,,referral — friend gets €5 on first top-up after you spend €5,ongoing,official,https://yesim.app/referral-program/,2026-10-04,official,"Ladder: each friend €5, every 5 friends an extra €50 bonus (up to €75 total)"
yesim,Yesim,DREWDEAL,coupon,20% off Yesim eSIM plans,20.0,,,all,web+app,,,,,all plans,ongoing,aggregator,https://www.pointsbrotherhood.com/yesim-deal,2026-09-10,verified-thirdparty,"Tested twice (incl. incognito) by the publisher, last verified 2026-09-10 | Global Package 40GB/365d workthrough: A$117.30 -> A$93.84 | Also credits ~4.69 AUD back in Ycoins after the plan ends"
yesim,Yesim,MYBESTSIM20,coupon,20% off unlimited plans,20.0,,,all,web+app,,,,,unlimited data plans,ongoing,aggregator,https://esim-korea.com/blog/esim-aktionscode,2026,reported,
yesim,Yesim,LBO15,coupon,15% off first Yesim eSIM,15.0,,,new,web+app,,,,,first eSIM,ongoing,aggregator,https://lostbetweenoceans.com/?p=22133/,2026,reported,
yesim,Yesim,ESIMD,coupon,15% off,15.0,,,all,web+app,,,,,eligible plans,unknown,aggregator,https://www.esimdeals.io/esim/turkey/deals,2026-09,verified-thirdparty,eSIM Deals partner code
yesim,Yesim,Adapter,coupon,€3 off first purchase,,3.0,EUR,new,web+app,,,,,first purchase,ongoing,aggregator,https://toomanyadapters.com/?p=32246,2026-08-31,reported,
yesim,Yesim,,student,Student discounts,,,,students,web,,,,,dedicated student-discounts page,ongoing,official,https://yesim.app/,2026-10-04,official,
ubigi,Ubigi,PROMO15,coupon,15% off Unlimited plans,15.0,,,all,web+app,,,,,"unlimited-data plans (e.g. Vietnam, UAE unlimited)",limited-time (countdown shown on plan pages),official,https://cellulardata.ubigi.com/rates-and-coverage/uae-data-plans/uae-10gb-30-days/,2026-10-04,official,Rendered as a promo top-bar with a copy button and countdown timer on Ubigi plan pages | This is Ubigi's own official on-site promo
ubigi,Ubigi,WELCOME10,coupon,10% off all plans,10.0,,,new,web+app,,,,,first eSIM data-plan purchase,limited time,aggregator,https://esimdiscounts.com/ubigi/promo-codes/,2026-09-16,verified-thirdparty,Not valid for monthly data plans
ubigi,Ubigi,MYBESTSIM10,coupon,10% off all Ubigi eSIMs,10.0,,,all,web+app,,,,,every plan and destination,no known expiration (standing code),aggregator,https://mybestsim.com/en/provider/ubigi-promo-code/,2026-08-29,verified-thirdparty,Reusable on every new purchase | Cannot combine with another deal
ubigi,Ubigi,ESIMP,coupon,10% off first data plan,10.0,,,new,web+app,,,,,first Ubigi data plan,ongoing,aggregator,https://www.esimdeals.io/providers/ubigi,2026,reported,
ubigi,Ubigi,AWESOME10,coupon,10% off first order,10.0,,,new,web+app,,,,,first order,ongoing,aggregator,https://goingawesomeplaces.com/best-esims-for-usa-travel/,2026,reported,
ubigi,Ubigi,ESIMD,coupon,10% off,10.0,,,all,web+app,,,,,eligible plans,unknown,aggregator,https://www.esimdeals.io/esim/south-korea/deals,2026-09,verified-thirdparty,eSIM Deals partner code
alosim,aloSIM,ESIMTWEAKS,coupon,15% off every plan,15.0,,,all,web+app,,,,,"country, regional, global, daily unlimited",ongoing,aggregator,https://esimtweaks.com/alosim-promo-code,2026,verified-thirdparty,New and returning customers | Entered after picking a payment method | Won't combine with aloCASH wallet payments or vouchers
alosim,aloSIM,ESIMD,coupon,15% off first eSIM,15.0,,,new,web+app,,,,,eligible plans,ongoing,aggregator,https://www.esimdeals.io/providers/alosim/deals,2026-09-18,verified-thirdparty,Latest proof 2026-09-18 | Already-discounted or partner SKUs may be excluded
alosim,aloSIM,TRAVELESIMEXPERT,coupon,15% off all plans,15.0,,,all,web+app,,,,,all plans,ongoing,aggregator,https://esimdiscounts.com/alosim/promo-codes/,2026-09-02,verified-thirdparty,Anyone can use it | Verified 2026-09-02 by the publisher
alosim,aloSIM,FOOTLOOSEDEV,coupon,15% off,15.0,,,new,web+app,,,,,eligible plans,ongoing,aggregator,https://esimdiscounts.com/alosim/promo-codes/,2026-08-22,reported,New customers only (reported 2026-08-22)
alosim,aloSIM,TRUECANADA,coupon,15% off,15.0,,,new,web+app,,,,,eligible plans,ongoing,aggregator,https://esimdiscounts.com/alosim/promo-codes/,2026-08-22,reported,New customers only (reported 2026-08-22)
alosim,aloSIM,GOINGAWESOMEPLACES,coupon,15% off,15.0,,,all,web+app,,,,,all plans,ongoing,aggregator,https://goingawesomeplaces.com/best-esims-for-usa-travel/,2026,reported,
alosim,aloSIM,TMA,coupon,$3 off first purchase,,3.0,USD,new,web+app,,,,,first purchase,ongoing,aggregator,https://toomanyadapters.com/?p=32246,2026-08-31,reported,
alosim,aloSIM,,referral,"Give $3 off, get $3 credit",,3.0,USD,invited_friend,app,,,,,"Refer & Earn — friend gets $3 off first purchase, you get $3 credit",ongoing,official,https://alosim.com/,2026-10-04,official,
alosim,aloSIM,,loyalty,Loyalty Program,,,,existing,app,,,,,loyalty rewards,ongoing,official,https://alosim.com/,2026-10-04,official,
alosim,aloSIM,,bonus_data,Free international phone number + $3 calling credit (Hushed),,3.0,USD,all,app,,,,,bundled with every plan,ongoing,official,https://alosim.com/,2026-10-04,official,
firsty,Firsty,,free_trial,"Free tier — ~20MB at 1Mbps, watch-ad unlock, 7-day validity",,,,new,app,,,,,Firsty Free tier,ongoing,official,https://www.firsty.app/,2026-10-04,official,
firsty,Firsty,,referral,Refer a Friend,,,,all,app,,,,,referral programme,ongoing,official,https://www.firsty.app/refer-a-friend,2026-10-04,official,
roamic,Roamic,TRAVELDEALZ10,coupon,10% off all packages,10.0,,,all,web+app,,,,,all packages (single-country + regional + unlimited),valid until withdrawn,aggregator,https://travel-dealz.com/coupon/roamic/,2026-08-19,verified-thirdparty,Entered at the final checkout step | e.g. 3GB/14d Thailand -> €2.70 | North America unlimited from €4.99 per day
roamic,Roamic,FYESIM10,coupon,10% off,10.0,,,all,web+app,,,,,all plans,ongoing,aggregator,https://findyouresim.co.uk/providers/roamic/vietnam/,2026-09-17,verified-thirdparty,
roamic,Roamic,Simpackers,coupon,10% off (new customers),10.0,,,new,web+app,,,,,new customers,ongoing,aggregator,https://simpackers.com/deals/roamic-discount-code,2026-09,reported,
roamic,Roamic,ESIMP5,coupon,5% off,5.0,,,all,web+app,,,,,eligible plans,unknown,aggregator,https://www.esimdeals.io/providers/roamic,2026-09-18,verified-thirdparty,eSIM Deals partner code
roamic,Roamic,,referral,Referral 10% off,10.0,,,all,web+app,,,,,referral code,ongoing,aggregator,https://simpackers.com/deals/roamic-discount-code,2026-09,reported,
saily,Saily,ESIMD,coupon,10% off all plans,10.0,,,all,web+app,,,,,all eSIMs incl. unlimited,unknown,aggregator,https://www.esimdeals.io/providers/saily/deals,2026-09-22,verified-thirdparty,eSIM Deals partner code | Discount visible as soon as the code validates
saily,Saily,ESIMDUDE,coupon,10% off eligible plans,10.0,,,all,web+app,,,,,"standard, regional, global and unlimited plans",ongoing,aggregator,https://esimtweaks.com/saily-coupon-code,2026-08-03,verified-thirdparty,New and existing users | Applied in the 'Add promo code' field before payment
saily,Saily,FYESIM,coupon,10% off,10.0,,,all,web+app,,,,,all plans,ongoing,aggregator,https://findyouresim.co.uk/providers/saily/uk-ireland/,2026-09-17,reported,
saily,Saily,GAP15,coupon,15% off all orders,15.0,,,all,web+app,,,,,all orders,ongoing,aggregator,https://goingawesomeplaces.com/best-esim-for-japan-travel/,2026,reported,
saily,Saily,ESIMADVICE,coupon,15% off,15.0,,,all,web+app,,,,,eligible plans,unknown,aggregator,https://esimtweaks.com/airalo-vs-saily,2026,reported,
saily,Saily,AFFMAVEN5,coupon,5% off (legacy fallback),5.0,,,all,web+app,,,,,all plan types,ongoing,aggregator,https://esimtweaks.com/saily-coupon-code,2026-08-03,reported,Legacy code — fallback if ESIMDUDE ever fails
saily,Saily,vip15,coupon,15% off (whole site),15.0,,,all,web+app,,,,,all plans,ongoing,aggregator,https://xincoupon.com/?p=44109/,2026-10,reported,
saily,Saily,,referral,Variable referral credit (new users only),,,,new,app,,,,,referral credit — can beat 10% on plans under ~$8,ongoing,aggregator,https://esimtweaks.com/saily-coupon-code,2026-08-03,reported,Not combinable with a code — one discount per order
roami,Roami,web20,coupon,20% off your entire order,20.0,,,all,web+app,,,,,"any plan, any destination (200+ countries) - no conditions",no expiry published,official,https://roamiapp.com/india-esim,2026-10-04,official,"Official code published site-wide (homepage banner + destination pages). No minimum spend, no new-customer restriction."
