keyword,词型,相对热度,目标内指数,批内均值,锚词均值,批次
esim price,通用·价格交易,0.0619,100.0,4.74,76.57,22
esim size,通用·其他,0.0182,29.4,1.4,76.57,18
esim requirements,通用·其他,0.0145,23.4,1.11,76.57,19
esim price usa,国家·价格/交易,0.0059,9.5,0.45,76.55,11
best esim for japan,国家·核心,0.0054,8.7,0.42,76.57,5
saily esim canada,品牌×国家,0.0052,8.4,0.4,76.55,7
best esim for usa,国家·核心,0.003,4.8,0.23,76.57,4
esim phone plans,通用·其他,0.003,4.8,0.23,76.57,18
best esim for uk,国家·核心,0.0012,1.9,0.09,76.57,6
esim international number,通用·全球,0.0007,1.1,0.06,76.55,21
is esim available in portugal,国家·核心,0.0,0.0,0,76.55,1
is esim available in philippines,国家·核心,0.0,0.0,0,76.55,1
is there an esim in the philippines,国家·核心,0.0,0.0,0,76.55,1
is esim available in egypt,国家·核心,0.0,0.0,0,76.55,1
is esim available in kenya,国家·核心,0.0,0.0,0,76.57,2
is esim available in saudi arabia,国家·核心,0.0,0.0,0,76.57,2
does esim work in china,国家·核心,0.0,0.0,0,76.57,2
is esim available in australia,国家·核心,0.0,0.0,0,76.57,2
is esim available in canada,国家·核心,0.0,0.0,0,76.57,3
is esim available in south africa,国家·核心,0.0,0.0,0,76.57,3
does esim work in mexico,国家·核心,0.0,0.0,0,76.57,3
is esim available in uae,国家·核心,0.0,0.0,0,76.57,3
is esim available in singapore,国家·核心,0.0,0.0,0,76.57,4
is esim available in ireland,国家·核心,0.0,0.0,0,76.57,4
best esim for saudi arabia,国家·核心,0.0,0.0,0,76.57,4
best esim singapore,国家·核心,0.0,0.0,0,76.57,5
is esim available in new zealand,国家·核心,0.0,0.0,0,76.57,5
best esim for italy,国家·核心,0.0,0.0,0,76.57,5
best esim for malaysia,国家·核心,0.0,0.0,0,76.57,6
best esim for new zealand,国家·核心,0.0,0.0,0,76.57,6
is esim available in malaysia,国家·核心,0.0,0.0,0,76.57,6
airalo esim uae reddit,品牌×国家,0.0,0.0,0,76.55,7
does nomad esim work in new zealand,品牌×国家,0.0,0.0,0,76.55,7
does saily esim work in costa rica,品牌×国家,0.0,0.0,0,76.55,7
does saily esim work in south africa,品牌×国家,0.0,0.0,0,76.55,8
jetpac esim costa rica review,品牌×国家,0.0,0.0,0,76.55,8
nomad esim reddit canada,品牌×国家,0.0,0.0,0,76.55,8
roamic esim discount code uk,品牌×国家,0.0,0.0,0,76.55,8
roamic esim reviews spain,品牌×国家,0.0,0.0,0,76.55,9
saily esim canada price,品牌×国家,0.0,0.0,0,76.55,9
saily esim korea reddit,品牌×国家,0.0,0.0,0,76.55,9
saily esim taiwan price,品牌×国家,0.0,0.0,0,76.55,9
ubigi esim hong kong reddit,品牌×国家,0.0,0.0,0,76.55,10
ubigi esim taiwan reddit,品牌×国家,0.0,0.0,0,76.55,10
airalo czech republic o2 esim,品牌×国家,0.0,0.0,0,76.55,10
airalo esim argentina not working,品牌×国家,0.0,0.0,0,76.55,10
cheapest esim canada,国家·价格/交易,0.0,0.0,0,76.55,11
cheapest esim singapore,国家·价格/交易,0.0,0.0,0,76.55,11
cheapest esim plan singapore,国家·价格/交易,0.0,0.0,0,76.55,11
cheapest us esim,国家·价格/交易,0.0,0.0,0,76.55,12
cheapest esim plan canada,国家·价格/交易,0.0,0.0,0,76.55,12
cheapest esim plan usa,国家·价格/交易,0.0,0.0,0,76.55,12
cheapest esim argentina reddit,国家·价格/交易,0.0,0.0,0,76.55,12
esim providers in europe,区域,0.0,0.0,0,76.57,13
esim for austria and germany,区域,0.0,0.0,0,76.57,13
uae and qatar esim,区域,0.0,0.0,0,76.57,13
best esim for australia and new zealand reddit,区域,0.0,0.0,0,76.57,13
best esim for belgium and netherlands,区域,0.0,0.0,0,76.57,14
best esim for croatia and italy,区域,0.0,0.0,0,76.57,14
best esim for fiji from australia,区域,0.0,0.0,0,76.57,14
best esim for hong kong and china,区域,0.0,0.0,0,76.57,14
bogota airport esim,城市,0.0,0.0,0,76.55,15
esim brussels airport,城市,0.0,0.0,0,76.55,15
esim rio de janeiro,城市,0.0,0.0,0,76.55,15
esim riyadh airport,城市,0.0,0.0,0,76.55,15
esim australia unlimited data,国家·规格/流量,0.0,0.0,0,76.57,16
esim czech republic unlimited data,国家·规格/流量,0.0,0.0,0,76.57,16
esim croatia unlimited data,国家·规格/流量,0.0,0.0,0,76.57,16
unlimited data colombia esim,国家·规格/流量,0.0,0.0,0,76.57,16
yesim esim prices,品牌（全局）,0.0,0.0,0,76.57,17
ubigi esim price,品牌（全局）,0.0,0.0,0,76.57,17
ubigi esim plans,品牌（全局）,0.0,0.0,0,76.57,17
yesim esim review,品牌（全局）,0.0,0.0,0,76.57,17
how does airalo esim work,品牌（全局）,0.0,0.0,0,76.57,18
roamic esim reviews,品牌（全局）,0.0,0.0,0,76.57,18
esim explained,通用·其他,0.0,0.0,0,76.57,19
can esim be used internationally,通用·问题,0.0,0.0,0,76.57,19
can i get an esim,通用·问题,0.0,0.0,0,76.57,19
how to apply for an esim,通用·问题,0.0,0.0,0,76.57,20
which is the best esim,通用·问题,0.0,0.0,0,76.57,20
cheapest international esim,通用·全球,0.0,0.0,0,76.57,20
does esim work on international roaming,通用·全球,0.0,0.0,0,76.57,20
will esim work in roaming,通用·全球,0.0,0.0,0,76.55,21
cheap esim data plans,通用·价格交易,0.0,0.0,0,76.55,21
cheapest esim data plan,通用·价格交易,0.0,0.0,0,76.55,21
esim cheapest plan,通用·价格交易,0.0,0.0,0,76.57,22
china esim vs sim,国家·对比,0.0,0.0,0,76.57,22
compare esim plans singapore,国家·对比,0.0,0.0,0,76.57,22
esim australia price comparison,国家·对比,0.0,0.0,0,76.57,23
esim china price comparison,国家·对比,0.0,0.0,0,76.57,23
